Date,Time,Lat,Lon,Alt (m),Gx (°/s),Gy (°/s),Gz (°/s),Ax (m/s²),Ay (m/s²),Az (m/s²),Mx (µT),My (µT),Mz (µT),|M| (µT)
2025-05-02,20:02:56,15.371555,75.11831416666666,533.0,-5.840793893129771,6.383404580152671,6.845145038167939,1.9748229345703125,1.3145879003906251,9.22066712402344,1.9637829156091358,-1.6399557820431467,-1.6566862309644659,3.048033394594343
2025-05-02,20:02:57,15.3715475,75.118315,533.3,12.411114503816794,-13.051709923664122,4.82987786259542,1.8766271337890625,1.3002177832031252,7.9441217138671885,-2.1377795843908642,-3.0559714070431467,-2.755319043464466,4.636900454331706
2025-05-02,20:02:58,15.371539166666667,75.11832083333333,532.9,-0.06216793893129775,-10.792167938931296,53.98254961832061,2.568787778320313,1.7289262792968751,6.483159799804688,-13.319420209390865,-5.472963594543147,-6.905709668464466,15.970257081420074
2025-05-02,20:02:59,15.371532833333333,75.11833,532.8,-46.95529770992366,17.482641221374045,4.761175572519083,2.525677426757813,4.030540048828125,6.919053354492188,-24.086021771890863,-5.228822969543147,-9.200631543464466,26.3083381315015
2025-05-02,20:03:00,15.371526166666667,75.11834,532.4,-6.275908396946565,-57.67766412213741,-26.070885496183205,0.8994591650390625,3.613806650390625,7.266331186523439,-32.16707645939086,-1.7376120320431467,-10.592233105964466,33.91069898556042
2025-05-02,20:03:01,15.3715165,75.11834916666666,532.0,-14.459114503816794,92.0017251908397,-25.902946564885497,-2.6140344873046875,-0.860089833984375,6.739426889648438,-36.73250614689086,5.830747342956853,-13.961373730964466,39.72649718845645
2025-05-02,20:03:02,15.371508166666667,75.118356,531.4,-2.375145038167939,-14.73873282442748,-12.620503816793894,0.9210143408203125,-0.740338857421875,8.008787241210939,-34.14461552189086,-2.3479635945431467,-9.005319043464466,35.39016068420196
2025-05-02,20:03:03,15.371499833333333,75.118362,530.8,-21.482015267175573,17.329969465648855,-22.589969465648856,1.1677013525390625,-0.270915029296875,9.057805795898439,-31.922935834390863,-4.496401094543147,-9.371529980964466,33.57256363868808
2025-05-02,20:03:04,15.3714875,75.11836583333333,530.2,7.601954198473282,-2.9982748091603053,-8.811343511450382,-0.5207874169921876,-1.272033193359375,8.559641733398438,-34.02254520939086,-2.9094870320431467,-8.712350293464466,35.24065471796321
2025-05-02,20:03:05,15.371475666666667,75.11836733333334,529.9,-18.17667175572519,26.03989312977099,-10.231190839694657,0.025277036132812437,-1.885158193359375,10.832515268554689,-32.92391239689086,-3.8372214070431467,-8.394967480964466,34.193329095764646
2025-05-02,20:03:06,15.371464,75.11836916666667,530.0,1.0828702290076335,26.10859541984733,-23.490732824427482,2.2358800634765625,-1.5378803613281251,8.511741342773439,-31.117271771890863,-4.667299532043147,-6.539498730964466,32.137724423173026
2025-05-02,20:03:07,15.371452333333334,75.11837233333334,530.1,8.777526717557253,-23.998274809160304,-24.078519083969468,-0.6213782373046876,-2.0480195214843753,10.200230112304688,-33.94930302189086,-2.2258932820431467,-8.883248730964466,35.16279119454818
2025-05-02,20:03:08,15.3714405,75.11837583333333,530.3,21.63248854961832,-8.983007633587786,-11.735007633587786,0.5210460791015624,-2.3737421777343752,8.80153870605469,-32.92391239689086,-5.277651094543147,-7.271920605964466,34.12797148811114
2025-05-02,20:03:09,15.371431333333334,75.11838066666667,530.1,13.762259541984733,-2.2425496183206106,-13.65867175572519,1.4694738134765626,-0.857694814453125,6.586145639648438,-31.922935834390863,-6.937807344543147,-8.712350293464466,33.80994011637204
2025-05-02,20:03:10,15.3714255,75.1183815,529.9,-15.627053435114505,-1.303618320610687,15.15048854961832,0.41806023925781244,0.27035938476562504,7.680669565429688,-30.360435834390863,-7.181947969543147,-8.639108105964466,32.37237448130629
2025-05-02,20:03:11,15.371418333333333,75.118382,529.7,-9.810259541984733,34.925389312977096,-35.162488549618324,0.7749181494140625,1.2403422949218752,8.38241028808594,-29.652428021890863,-6.034487032043147,-8.394967480964466,31.403136791406144
2025-05-02,20:03:12,15.371414666666666,75.11839,529.2,-3.19193893129771,-5.372320610687023,-17.49836641221374,1.3209826025390625,1.2714775488281251,7.623189096679688,-26.527428021890863,-5.546205782043147,-8.224069043464466,28.321372630312958
2025-05-02,20:03:13,15.371416166666666,75.118403,528.1,16.571419847328244,-8.883770992366411,-0.6357709923664122,1.1653063330078124,0.727808115234375,7.426797495117189,-27.235435834390863,-5.912416719543147,-8.590279980964466,29.163651120977875
2025-05-02,20:03:14,15.3714215,75.11841666666666,526.7,9.342412213740458,18.169664122137405,-7.17775572519084,1.3832531103515624,-0.11523875976562498,8.32253479980469,-25.379967084390863,-9.281557344543147,-5.538522168464466,27.585598847140854
2025-05-02,20:03:15,15.3714295,75.118427,526.3,-8.214839694656488,19.978824427480916,6.173389312977099,2.2334850439453127,0.16258350585937503,11.986914682617188,-32.21590458439086,-7.181947969543147,-5.880319043464466,33.52645279299216
2025-05-02,20:03:16,15.371437833333333,75.11843633333334,525.8,40.91493129770992,-43.1509465648855,26.52453435114504,1.6586803564453125,1.039160654296875,10.137959604492188,-31.874107709390863,-8.085268282043147,-7.638131543464466,33.759018927358206
2025-05-02,20:03:17,15.371445666666666,75.1184435,525.6,42.99126717557252,15.26126717557252,5.1962900763358775,-0.4154065576171876,1.2714775488281251,7.223220834960938,-29.554771771890863,-9.428041719543147,-7.955514355964466,32.025969365843714
2025-05-02,20:03:18,15.371447833333333,75.118447,526.1,47.34241221374046,0.9101221374045801,32.890946564885496,-1.2536633935546877,-0.620587880859375,9.718831186523438,-34.73055302189086,-6.766908907043147,-9.566842480964466,36.65415180328388
2025-05-02,20:03:19,15.371444166666667,75.11845433333333,526.5,24.11340458015267,13.59714503816794,7.4176641221374044,-0.8321399560546876,0.6990678808593751,11.364209604492189,-34.14461552189086,-7.596987032043147,-10.787545605964466,36.60519254564228
2025-05-02,20:03:20,15.371442166666666,75.11846316666667,526.9,39.23554198473282,-11.06697709923664,7.82224427480916,-0.7339441552734376,2.334866220703125,12.264736948242188,-32.09383427189086,-9.550112032043147,-9.444772168464466,34.791127596132505
2025-05-02,20:03:21,15.371442,75.11846933333334,528.4,56.98363358778626,-24.685297709923663,0.5016335877862595,0.23124871582031245,2.377976572265625,11.905484018554688,-33.90047489689086,-9.379213594543147,-7.638131543464466,35.99378973325895
2025-05-02,20:03:22,15.371444833333333,75.11847616666667,529.8,6.449282442748092,13.08569465648855,-9.315160305343511,1.2395519384765625,2.181584970703125,9.187136850585938,-30.653404584390863,-10.917299532043147,-8.394967480964466,33.6049716663049
2025-05-02,20:03:23,15.371445,75.11848066666667,531.0,5.342412213740458,0.8261526717557252,-6.338061068702291,1.4982140478515624,-0.038598134765624965,7.491463022460938,-31.336998334390863,-9.428041719543147,-9.249459668464466,34.0065867066016
2025-05-02,20:03:24,15.371443833333334,75.11847816666666,531.1,-1.0621679389312977,-27.349419847328242,-5.712106870229008,1.8742321142578124,-0.644538076171875,6.564590463867188,-36.34188114689086,-7.596987032043147,-5.538522168464466,37.53827067234645
2025-05-02,20:03:25,15.371443166666667,75.11847716666666,531.2,21.327145038167938,38.27653435114504,-16.69683969465649,1.3640929541015625,-1.873183095703125,9.335628061523439,-35.90242802189086,-6.644838594543147,-6.417428418464466,37.07184383492005
2025-05-02,20:03:26,15.371441166666667,75.11847716666666,531.2,18.78516030534351,-18.860870229007634,-10.124320610687024,0.7581530126953124,0.16018848632812505,8.645862436523439,-34.53524052189086,-6.840151094543147,-5.465279980964466,35.627795190993275
2025-05-02,20:03:27,15.371443666666666,75.11848333333333,531.5,-13.932396946564886,30.94829007633588,-14.864778625954198,0.46835564941406244,0.19850879882812505,8.025552377929689,-34.87703739689086,-6.107729219543147,-5.636178418464466,35.85357166264122
2025-05-02,20:03:28,15.371448833333334,75.11849083333334,530.9,-7.810259541984733,23.131496183206107,-14.902946564885497,0.5785265478515624,-0.261334951171875,7.817185678710938,-34.24227177189086,-7.548158907043147,-6.612740918464466,35.68243575543495
2025-05-02,20:03:29,15.371451666666667,75.11849633333334,531.3,-20.924763358778627,45.32996946564885,-50.62813740458015,0.7461779150390625,0.29670459960937506,4.8976568701171885,-33.55867802189086,-9.916322969543147,-7.149850293464466,35.716084486295294
2025-05-02,20:03:30,15.371453,75.11850316666667,531.3,1.1286717557251909,11.001725190839695,-37.4296641221374,1.7209508642578126,0.38532032226562507,6.765772104492188,-33.43660770939086,-10.526674532043147,-8.590279980964466,36.091696025077866
2025-05-02,20:03:31,15.371448166666667,75.11851433333334,531.3,48.28134351145038,-29.502091603053433,-34.36859541984733,0.5186510595703124,1.4894243261718751,7.915381479492188,-32.55770145939086,-11.649721407043147,-10.055123730964466,36.01146270877574
2025-05-02,20:03:32,15.371442166666666,75.11852366666666,530.9,20.334778625954197,-35.196748091603055,8.158122137404579,0.17376824707031244,0.24640918945312504,11.15105286621094,-32.46004520939086,-10.673158907043147,-10.177194043464466,35.653136392876036
2025-05-02,20:03:33,15.371440666666667,75.11853583333334,530.8,-19.09270229007634,38.757450381679384,-12.467832061068703,0.5449962744140625,-0.21582958007812497,11.414505014648439,-32.21590458439086,-9.037416719543147,-7.955514355964466,34.39229009271135
2025-05-02,20:03:34,15.37144,75.11853583333334,530.8,-4.764458015267175,-49.42575572519084,1.32606106870229,0.2504088720703124,2.1073393652343753,13.88377015136719,-19.813560834390863,-11.405580782043147,-5.221139355964466,23.45047466658661
2025-05-02,20:03:35,15.371439166666667,75.11853533333333,530.8,37.22790839694656,11.505541984732826,16.82224427480916,1.2730822119140626,0.792473642578125,12.04200013183594,-24.281334271890863,-11.112612032043147,-2.975045605964466,26.868647836383214
2025-05-02,20:03:36,15.371439833333334,75.11853633333334,530.9,-2.1308702290076336,37.58951145038168,11.455832061068701,2.3101256689453127,1.460684091796875,10.497212534179688,-24.794029584390863,-10.526674532043147,-3.878365918464466,27.21390273247705
2025-05-02,20:03:37,15.371438333333334,75.11854333333333,530.0,-30.665221374045803,-76.82270229007634,20.791709923664122,0.46835564941406244,-1.018161123046875,11.565391245117189,-23.304771771890863,-10.282533907043147,-3.707467480964466,25.740788760483277
2025-05-02,20:03:38,15.371440666666667,75.118555,529.8,-30.817893129770994,-11.662396946564884,21.127587786259543,2.3747911962890624,-1.391784169921875,9.82660706542969,-27.894615521890863,-10.282533907043147,-2.877389355964466,29.868368689458492
2025-05-02,20:03:39,15.3714435,75.11857083333334,530.0,-17.230106870229008,-67.02880916030534,19.555068702290075,1.2203917822265624,-1.307958486328125,10.473262338867189,-29.725670209390863,-9.379213594543147,-4.000436230964466,31.42592253359547
2025-05-02,20:03:40,15.371446666666667,75.118585,529.5,-23.642320610687026,35.933022900763355,31.84514503816794,0.2504088720703124,-0.06973338867187497,9.539204721679688,-30.360435834390863,-8.304994844543147,-5.758248730964466,31.998225448760543
2025-05-02,20:03:41,15.371449833333333,75.11860016666667,529.4,-1.8484274809160306,4.200198473282443,14.287893129770993,0.8036583837890625,-0.033808095703124964,8.935659799804688,-30.018638959390863,-7.914369844543147,-4.854928418464466,31.42174827979638
2025-05-02,20:03:42,15.371453,75.1186115,529.3,-6.802625954198473,12.696381679389313,7.65430534351145,1.5197692236328124,0.7397832128906251,5.867639780273438,-29.383873334390863,-7.792299532043147,-7.101022168464466,31.21788685938928
2025-05-02,20:03:43,15.371454833333333,75.11862233333333,528.9,17.678290076335877,-4.670030534351145,28.852778625954198,1.4311535009765626,1.4630791113281252,8.116563120117188,-29.261803021890863,-7.914369844543147,-8.272897168464466,31.421826708327167
2025-05-02,20:03:44,15.371457166666668,75.1186315,528.4,-6.35224427480916,1.1085954198473282,26.15048854961832,1.0910607275390625,1.956453134765625,9.144026499023438,-30.091881146890863,-8.549135469543147,-7.833444043464466,32.24859491229495
2025-05-02,20:03:46,15.371459666666667,75.11864183333333,528.2,-13.451480916030535,-7.005908396946565,8.402396946564885,-0.6860437646484376,1.6858159277343752,10.415781870117188,-29.188560834390863,-8.231752657043147,-9.078561230964466,31.65681773984941
2025-05-02,20:03:47,15.3714625,75.11865466666667,528.0,5.64775572519084,9.375770992366412,22.46346564885496,1.1581212744140625,0.552971689453125,9.977493295898439,-30.287193646890863,-8.793276094543147,-7.638131543464466,32.44960488132941
2025-05-02,20:03:48,15.3714655,75.11866733333333,527.7,1.9378320610687023,11.047526717557252,1.6466717557251909,2.0969689306640626,0.988865244140625,13.62031800292969,-32.04500614689086,-9.159487032043147,-8.712350293464466,34.4482752729432
2025-05-02,20:03:49,15.371469333333334,75.1186805,527.6,31.220274809160305,-8.028809160305343,-12.933480916030534,0.6551671728515625,0.4547758886718751,13.768809213867188,-32.16707645939086,-9.208315157043147,-9.493600293464466,34.77991262938705
2025-05-02,20:03:50,15.371473666666667,75.11869333333334,527.7,53.79279389312977,-25.42575572519084,-10.651038167938932,0.9473595556640625,-0.038598134765624965,11.888718881835938,-28.553795209390863,-11.600893282043147,-8.077584668464466,31.861376616169593
2025-05-02,20:03:51,15.3714795,75.1187075,528.0,6.456916030534351,-13.517358778625953,-17.31516030534351,-0.7459192529296876,2.382766611328125,13.60594788574219,-26.185631146890863,-10.868471407043147,-9.493600293464466,29.89881930476192
2025-05-02,20:03:52,15.371487166666666,75.1187215,528.2,-68.16903816793894,-53.547893129771,-24.742641221374047,1.5700646337890625,0.08354786132812504,9.898457651367188,-28.553795209390863,-8.353822969543147,-7.516061230964466,30.68544859528546
2025-05-02,20:03:53,15.371492666666667,75.1187355,528.4,-32.19957251908397,-23.166213740458016,-6.391496183206107,1.2012316259765625,-1.149887197265625,8.291399545898438,-28.920006146890863,-6.840151094543147,-4.928170605964466,30.12376616649846
2025-05-02,20:03:54,15.371498333333333,75.11874933333333,528.8,-12.100335877862596,8.76508396946565,13.608503816793892,0.5617614111328124,-1.430104482421875,8.811118784179689,-29.042076459390863,-5.277651094543147,-5.343209668464466,29.99742815159342
2025-05-02,20:03:55,15.371501166666667,75.11876516666666,528.9,-14.237740458015267,-24.677664122137404,-38.918213740458015,1.4886339697265625,0.49549122070312507,12.434783334960938,-30.824303021890863,-4.423158907043147,-5.636178418464466,31.645987086312694
2025-05-02,20:03:56,15.371505833333334,75.1187815,529.2,-8.573618320610686,32.40630534351145,-21.093786259541986,2.0969689306640626,-0.975050771484375,8.715318002929688,-34.36434208439086,-4.667299532043147,-4.195748730964466,34.93273535279248
2025-05-02,20:03:57,15.371515333333333,75.11879666666667,529.3,-21.962931297709925,9.078061068702292,-27.20065648854962,0.35339471191406246,-1.918688466796875,8.274634409179688,-33.26570927189086,-7.181947969543147,-3.390084668464466,34.20059157468695
2025-05-02,20:03:58,15.371524,75.11880966666666,529.5,-11.49728244274809,-0.013541984732824435,-26.269358778625953,0.9593346533203125,-2.045624501953125,5.419771127929688,-30.018638959390863,-8.720033907043147,-4.610787793464466,31.597737899897236
2025-05-02,20:03:59,15.371531,75.11882183333333,529.4,-47.37514503816794,-4.830335877862596,8.723007633587786,1.2203917822265624,-1.961798818359375,8.595567026367188,-26.649498334390863,-8.720033907043147,-7.516061230964466,29.02974214908377
2025-05-02,20:04:00,15.371533833333334,75.11883583333334,529.3,-5.726290076335878,-13.21964885496183,-15.01745038167939,-0.12081915527343758,-2.172560537109375,12.142590952148439,-16.273521771890863,-7.596987032043147,-11.056100293464466,21.08978607109097
2025-05-02,20:04:01,15.371533333333334,75.11884933333333,529.1,-9.711022900763359,-5.670030534351145,-42.83424427480916,0.7629430517578125,-2.632404287109375,9.163186655273439,-3.7002795843908642,-4.032533907043147,-8.272897168464466,9.919386385966618
2025-05-02,20:04:02,15.371534333333333,75.11886316666667,528.9,-6.5201832061068705,-22.120412213740458,-29.38386259541985,0.9593346533203125,-0.8481147363281251,8.042317514648438,6.675696978109135,5.757505155456853,-5.538522168464466,10.41100492600114
2025-05-02,20:04:03,15.3715385,75.118877,529.0,-18.09270229007634,-15.372320610687021,-14.826610687022901,-0.3746912255859376,-2.256386220703125,6.818462534179688,8.677650103109135,10.469419217956853,-5.221139355964466,14.56607861600765
2025-05-02,20:04:04,15.371542,75.118891,529.1,4.166839694656488,-17.189114503816793,-41.70447328244275,0.6240319189453125,0.002117197265625035,5.8221344091796885,8.799720415609135,11.958677030456853,-3.145944043464466,15.177022093819133
2025-05-02,20:04:05,15.371543,75.11890483333333,529.1,7.762259541984733,-38.441022900763365,-31.208290076335878,1.4790538916015625,0.9768901464843751,7.371712045898438,7.994056353109135,11.714536405456853,-2.218209668464466,14.354642256243368
2025-05-02,20:04:06,15.371546833333333,75.11891866666667,529.3,24.716458015267175,-26.631862595419847,-1.3991297709923665,3.064556821289063,0.588896982421875,8.008787241210939,7.066321978109135,12.544614530456855,-4.488717480964466,15.08140724998743
2025-05-02,20:04:07,15.371553166666667,75.11893283333333,529.6,4.746992366412214,-23.295984732824426,-36.238824427480914,1.6874205908203126,-0.18469432617187498,7.596843881835938,7.408118853109135,15.840512967956855,-4.195748730964466,17.98350309153337
2025-05-02,20:04:08,15.371559666666666,75.11894666666667,530.0,29.899664122137402,-31.021175572519084,-18.84951145038168,1.7425060400390626,0.907434580078125,6.851992807617188,9.629798540609135,20.845395780456855,-4.244576855964466,23.351230756917193
2025-05-02,20:04:09,15.3715645,75.118959,530.4,26.029435114503816,-20.792167938931296,-3.536534351145038,2.4394567236328126,2.2438554785156253,7.845925913085939,11.582923540609135,17.744809842956855,-3.829537793464466,21.53387456594536
2025-05-02,20:04:10,15.371570333333333,75.1189735,531.2,34.46454961832061,22.368137404580153,-30.84187786259542,0.7365978369140624,1.063110849609375,9.40029358886719,11.241126665609135,17.280942655456855,-6.783639355964466,21.70280329094025
2025-05-02,20:04:11,15.3715745,75.11898733333334,531.6,41.46454961832061,-12.990641221374045,11.593236641221374,2.2071398291015627,-0.218224599609375,8.746453256835938,11.314368853109135,16.133481717956855,-6.002389355964466,20.59934107850175
2025-05-02,20:04:12,15.371576833333334,75.11900183333333,532.1,41.47218320610687,43.994091603053434,-17.03271755725191,1.9029723486328125,0.648772470703125,10.207415170898438,11.827064165609135,20.845395780456855,-4.439889355964466,24.374630038516088
2025-05-02,20:04:13,15.371578,75.119015,532.2,-0.6117862595419847,22.971190839694657,35.761175572519086,0.2719640478515625,-0.692438466796875,9.651770639648438,10.874915728109135,15.962583280456855,-6.051217480964466,20.240679091397258
2025-05-02,20:04:14,15.371574833333334,75.11902916666666,532.7,45.380580152671754,3.3223358778625953,40.05888549618321,-1.2464783349609376,-1.8324677636718751,12.350957651367189,10.020423540609135,11.665708280456853,-4.488717480964466,16.020181716879158
2025-05-02,20:04:15,15.371562833333334,75.11904066666666,532.9,34.2202748091603,12.566610687022902,14.410030534351145,-0.9782361474609376,-2.198905751953125,10.588223276367188,10.435462603109135,13.862973905456855,-3.707467480964466,17.74334355093977
2025-05-02,20:04:16,15.371548166666667,75.11904516666667,532.6,20.78516030534351,2.9024885496183206,9.494,-0.8321399560546876,-0.654118154296875,11.893508920898439,9.971595415609135,12.251645780456853,-2.218209668464466,15.951676827081615
2025-05-02,20:04:17,15.371533833333334,75.119048,532.4,19.426381679389312,27.6429465648855,11.32606106870229,0.10670770019531244,2.8330302832031253,13.71851380371094,10.362220415609135,14.351255155456855,-1.2904752934644659,17.748224219953272
2025-05-02,20:04:18,15.37152,75.119051,532.1,-32.993465648854965,16.894854961832063,12.776442748091602,-1.1913928857421876,-2.153400380859375,10.075689096679689,9.629798540609135,13.350278592956855,-3.097115918464466,16.749778668826817
2025-05-02,20:04:19,15.371507166666667,75.119055,532.3,-20.482015267175573,-12.944839694656487,-19.67393893129771,0.40369012207031246,0.514651376953125,9.876902475585938,10.142493853109135,14.351255155456855,-1.2416471684644659,17.617332198387455
2025-05-02,20:04:20,15.371495333333334,75.1190575,532.5,-38.07743511450382,-37.99064122137405,29.669572519083967,0.15460809082031243,-3.257504384765625,6.090376596679688,4.991126665609135,8.418637967956853,-8.590279980964466,13.022201072746425
2025-05-02,20:04:21,15.371483166666666,75.11905816666666,532.4,-2.711022900763359,15.9253893129771,7.478732824427481,1.1006408056640624,-1.030136220703125,8.039922495117189,6.285071978109135,8.613950467956853,-5.807076855964466,12.141845578226768
2025-05-02,20:04:22,15.371470166666667,75.11906083333334,532.3,19.77752671755725,7.368137404580152,-6.1395877862595425,1.6059899267578126,0.21048389648437504,8.945239877929689,6.358314165609135,9.859067655456853,-6.734811230964466,13.527270840054411
2025-05-02,20:04:23,15.371457,75.11906266666666,532.5,-39.39804580152672,-35.84560305343512,33.028351145038165,1.9867980322265626,1.307402841796875,8.327324838867188,7.261634478109135,9.859067655456853,-4.684029980964466,13.110022394760154
2025-05-02,20:04:24,15.371440833333333,75.11906366666666,532.6,17.716458015267175,3.8032519083969465,45.65430534351145,0.44201043457031247,-0.30684032226562497,10.468472299804688,6.797767290609135,10.152036405456853,-6.612740918464466,13.892509700184881
2025-05-02,20:04:25,15.371425166666667,75.11906333333333,532.8,31.81569465648855,-24.257816793893127,16.738274809160306,1.7928014501953125,-0.723573720703125,8.020762338867188,6.895423540609135,12.251645780456853,-6.417428418464466,15.454225235846932
2025-05-02,20:04:26,15.371406333333333,75.11905866666666,532.3,-6.222473282442748,-14.021175572519082,28.058885496183205,0.5952916845703125,0.33981495117187505,7.893826303710938,8.164954790609135,14.815122342956855,-7.589303418464466,18.540546463008766
2025-05-02,20:04:27,15.371390666666667,75.11905766666666,531.9,-7.756824427480916,-17.61659541984733,13.494,0.7844982275390625,-0.9487055566406251,7.316626596679688,9.214759478109135,20.796567655456855,-7.711373730964466,24.018207745500185
2025-05-02,20:04:28,15.371377333333333,75.1190595,531.8,-14.382778625954199,-25.784534351145037,-2.925847328244275,0.9425695166015625,0.014092294921875036,6.205337534179688,10.484290728109135,30.977231717956855,-1.8519987309644659,32.75574966748589
2025-05-02,20:04:29,15.3713635,75.11906133333333,532.1,-48.52018320610687,-37.64712977099237,-28.834244274809162,0.9928649267578125,-1.3750190332031251,6.713081674804688,7.383704790609135,38.618833280456855,-2.218209668464466,39.380881586270455
2025-05-02,20:04:30,15.371350333333334,75.11906583333334,532.4,-46.253007633587785,9.375770992366412,-30.902946564885497,1.2467369970703126,0.6607475683593751,7.448352670898438,-1.8448108343908642,49.263364530456855,1.3706575190355341,49.316945504662485
2025-05-02,20:04:31,15.371338166666666,75.11907,532.6,-38.59651908396947,-11.227282442748091,25.730641221374047,0.07557244628906244,-0.42659129882812497,10.751084604492188,-0.9903186468908642,50.313169217956855,2.981985644035534,50.411188898481406
2025-05-02,20:04:32,15.371325166666667,75.1190715,533.1,7.105770992366412,-20.715832061068703,-37.29989312977099,2.1185241064453124,-1.650446279296875,8.593172006835939,0.6210094781091358,46.553403592956855,-1.6078581059644659,46.585300756242255
2025-05-02,20:04:33,15.371312333333334,75.1190715,533.6,30.62485496183206,0.47500763358778625,-10.34569465648855,0.3701598486328125,-2.941361806640625,10.209810190429689,-1.3321155218908642,49.385434842956855,0.6382356440355341,49.40752018801305
2025-05-02,20:04:34,15.371300833333333,75.11907516666666,534.6,25.76225954198473,21.352870229007635,-9.131954198473283,1.5868297705078125,-0.821769521484375,12.061160288085938,-0.9903186468908642,48.750669217956855,1.1753450190355341,48.77489022165808
2025-05-02,20:04:35,15.371289666666666,75.11907966666666,535.0,-15.978198473282445,-9.181480916030534,25.1733893129771,3.277713559570313,-0.587057607421875,14.551980600585939,2.2079235406091358,46.431333280456855,-0.21625654346446588,46.48430276399365
2025-05-02,20:04:36,15.371278833333333,75.11908433333333,535.5,9.876763358778627,17.26890076335878,8.784076335877861,-2.0488098779296875,-5.4058369042968755,13.29220032714844,9.043861040609135,37.495786405456855,-1.8519987309644659,38.61548031534743
2025-05-02,20:04:37,15.3712675,75.11908866666667,535.8,-63.932396946564886,9.833786259541986,-21.246458015267176,2.3221007666015625,-1.8971332910156251,9.445798959960939,11.314368853109135,26.094419217956855,-5.636178418464466,28.994829953483894
2025-05-02,20:04:38,15.3712545,75.11909333333334,536.2,-34.176671755725195,-1.4333893129770992,-22.4678320610687,0.27675408691406245,-2.421642568359375,10.183464975585938,7.774329790609135,38.423520780456855,-2.096139355964466,39.25813231750812
2025-05-02,20:04:39,15.371240833333333,75.119101,536.4,-26.09270229007634,13.08569465648855,-16.147221374045802,-1.2752185693359377,-2.436012685546875,8.334509897460938,3.8924938531091358,43.184262967956855,-0.4359831059644659,43.36152854490751
2025-05-02,20:04:40,15.371227333333334,75.11910783333333,536.2,-6.291175572519084,14.09332824427481,-2.773175572519084,1.1653063330078124,-2.0647846582031253,8.605147104492188,3.9901501031091358,41.426450467956855,-1.9008268559644659,41.661555887361914
2025-05-02,20:04:41,15.371215166666667,75.11911583333334,536.6,-2.069801526717557,44.50554198473282,-9.215923664122139,-0.9015955224609377,-2.036044423828125,7.766890268554689,0.9872204156091358,45.503598905456855,1.1265168940355341,45.528245714174375
2025-05-02,20:04:42,15.371209166666667,75.11911666666667,537.1,-39.314076335877864,-13.555526717557251,-20.941114503816795,0.9377794775390624,-1.109171865234375,7.685459604492189,0.42569697810913576,44.136411405456855,-1.7787565434644659,44.17429121683597
2025-05-02,20:04:43,15.371204666666667,75.11911166666667,536.9,31.10577099236641,17.6047786259542,-21.53653435114504,1.6395202001953124,-0.965470693359375,7.151370249023438,-0.9903186468908642,45.064145780456855,-1.9740690434644659,45.11823261756839
2025-05-02,20:04:44,15.371197333333333,75.119105,537.1,-7.398045801526718,-0.44102290076335876,-16.925847328244274,1.6682604345703125,-0.706808583984375,6.830437631835938,-1.3321155218908642,45.259458280456855,-1.5346159184644659,45.30505646858066
2025-05-02,20:04:45,15.371191333333334,75.11909383333334,537.1,20.96836641221374,-0.30361832061068705,-34.49836641221374,0.44440545410156246,-0.033808095703124964,10.233760385742189,1.4022594781091358,43.550473905456855,1.9810090815355341,43.61805252432703
2025-05-02,20:04:46,15.371187,75.11907983333333,537.7,-5.901862595419847,14.406305343511452,-24.086152671755727,0.8563488134765624,-1.501955068359375,7.721384897460938,-4.286217084390865,46.944028592956855,2.273977831535534,47.19411459715279
2025-05-02,20:04:47,15.371182,75.11906566666667,538.3,21.510351145038165,-16.662396946564886,33.66193893129771,0.7940783056640625,-0.850509755859375,11.440850229492188,-8.168053021890865,46.553403592956855,3.958548144035534,47.430017706783495
2025-05-02,20:04:48,15.3711755,75.11905566666667,538.8,-20.169038167938933,-15.05934351145038,48.577969465648856,-0.25015020996093756,-3.592807119140625,4.713240366210938,-3.8223498968908642,45.064145780456855,-0.5580534184644659,45.229404343572654
2025-05-02,20:04:49,15.371170333333334,75.11904833333334,539.4,-9.352244274809161,44.38340458015267,11.98254961832061,1.3425377783203125,-2.519838369140625,11.986914682617188,-1.7227405218908642,45.259458280456855,-0.9242643559644659,45.30166292031547
2025-05-02,20:04:50,15.371166833333334,75.11904,539.8,-28.53545038167939,-13.692931297709922,18.577969465648856,2.1999547705078126,0.5673418066406251,5.417376108398439,-2.7969592718908642,48.384458280456855,1.1265168940355341,48.47832324425458
2025-05-02,20:04:51,15.3711615,75.1190305,540.2,-10.871328244274808,-7.616595419847329,26.730641221374047,0.8300035986328125,-1.262453115234375,7.031619272460938,-1.7715686468908642,50.703794217956855,2.493704394035534,50.79598178175508
2025-05-02,20:04:52,15.371156833333334,75.11902166666667,540.5,51.76989312977099,13.810885496183207,19.18865648854962,2.494542172851563,-2.306681630859375,8.873389291992188,2.5497204156091358,44.697934842956855,-2.706490918464466,44.85233044686442
2025-05-02,20:04:54,15.371152666666667,75.11900966666667,540.7,63.746992366412215,-13.21964885496183,8.547435114503816,1.8239367041015626,-2.7066498925781253,11.064832163085939,4.820228228109135,42.500669217956855,-0.5092252934644659,42.7761708728674
2025-05-02,20:04:55,15.371149333333333,75.11899533333333,540.0,49.815694656488546,-5.998274809160305,-45.33042748091603,3.090902036132813,-1.779777333984375,10.243340463867188,3.2577282281091358,43.794614530456855,-1.9740690434644659,43.95995909538459
2025-05-02,20:04:56,15.371145666666667,75.118982,539.5,4.227908396946565,36.71164885496183,-11.475465648854962,0.7342028173828125,-0.508021962890625,12.817986459960938,0.9383922906091358,46.358091092956855,0.3208528315355341,46.36869780804141
2025-05-02,20:04:57,15.371142166666667,75.11896866666666,539.1,60.90729770992366,3.7727175572519083,2.761175572519084,0.46596062988281245,-1.094801748046875,12.88744202636719,-0.03817020939086424,47.798520780456855,1.0044465815355341,47.80908866209237
2025-05-02,20:04:58,15.371137,75.11895816666667,538.6,-5.146137404580153,-11.273083969465649,45.761175572519086,0.43722039550781244,-2.2539912011718752,9.881692514648439,5.503821978109135,41.450864530456855,-3.634225293464466,41.972298247447206
2025-05-02,20:04:59,15.3711345,75.11894683333334,538.3,-53.97056488549619,-8.975374045801527,75.47109923664122,-0.7363391748046876,-0.852904775390625,8.293794565429689,12.217689165609135,19.063169217956855,-4.732858105964466,23.131716214563376
2025-05-02,20:05:00,15.371131333333333,75.11893383333333,537.9,31.861496183206103,-1.5936946564885497,3.6008702290076338,1.8718370947265626,-0.15355907226562499,9.187136850585938,11.582923540609135,14.058286405456855,-4.122506543464466,18.67604333381023
